memory_count,repeat,seed,top_k,query_id,query,recall_at_k,valid_recall_at_k,stale_retrieval_rate,retrieval_latency_ms,prompt_characters,prompt_token_estimate,retrieved_memory_ids,forgotten_retrieved_ids,retrieval_peak_rss_bytes,forgetting_update_ms
100,0,42,1,book,Which Python book was recommended?,0.0,0.0,0.0,0.3306,44,7,"[""7cc846af1dfe1c78""]","[""7cc846af1dfe1c78""]",65744896,0.1508
100,0,42,1,food,What food should I avoid now?,1.0,1.0,0.0,0.1255,57,10,"[""e621ba3712528a76""]",[],65744896,0.1508
100,0,42,1,sport,Which sports do I enjoy?,0.0,0.0,0.0,0.1615,57,10,"[""e621ba3712528a76""]",[],65744896,0.1508
100,0,42,1,city,Where do I currently live?,0.0,0.0,0.0,0.1682,57,10,"[""e621ba3712528a76""]",[],65744896,0.1508
100,0,42,3,book,Which Python book was recommended?,1.0,1.0,0.0,0.2272,164,27,"[""e621ba3712528a76"", ""7cc846af1dfe1c78"", ""7cfb8aa40fbc862b""]","[""7cc846af1dfe1c78"", ""7cfb8aa40fbc862b""]",65757184,0.1508
100,0,42,3,food,What food should I avoid now?,1.0,1.0,0.0,0.1958,137,23,"[""e621ba3712528a76"", ""be675753ab9a7c3e"", ""ebfed18793a33060""]","[""be675753ab9a7c3e"", ""ebfed18793a33060""]",65757184,0.1508
100,0,42,3,sport,Which sports do I enjoy?,0.0,0.0,0.0,0.3727,162,29,"[""e621ba3712528a76"", ""ebfed18793a33060"", ""568e8f2464c250c4""]","[""ebfed18793a33060"", ""568e8f2464c250c4""]",65757184,0.1508
100,0,42,3,city,Where do I currently live?,1.0,1.0,0.0,0.3237,137,23,"[""e621ba3712528a76"", ""ebfed18793a33060"", ""be675753ab9a7c3e""]","[""ebfed18793a33060"", ""be675753ab9a7c3e""]",65757184,0.1508
100,0,42,5,book,Which Python book was recommended?,1.0,1.0,0.0,0.3264,310,53,"[""e621ba3712528a76"", ""7cc846af1dfe1c78"", ""7cfb8aa40fbc862b"", ""387089e0997cddfe"", ""64d6acc4aaef9af2""]","[""7cc846af1dfe1c78"", ""7cfb8aa40fbc862b"", ""387089e0997cddfe"", ""64d6acc4aaef9af2""]",65757184,0.1508
100,0,42,5,food,What food should I avoid now?,1.0,1.0,0.0,0.3003,211,37,"[""e621ba3712528a76"", ""ebfed18793a33060"", ""be675753ab9a7c3e"", ""7cc846af1dfe1c78"", ""75fbc58d1c400159""]","[""ebfed18793a33060"", ""be675753ab9a7c3e"", ""7cc846af1dfe1c78"", ""75fbc58d1c400159""]",65757184,0.1508
100,0,42,5,sport,Which sports do I enjoy?,0.0,0.0,0.0,0.283,265,49,"[""e621ba3712528a76"", ""ebfed18793a33060"", ""568e8f2464c250c4"", ""2cec5e730ba6d9ba"", ""75fbc58d1c400159""]","[""ebfed18793a33060"", ""568e8f2464c250c4"", ""2cec5e730ba6d9ba"", ""75fbc58d1c400159""]",65757184,0.1508
100,0,42,5,city,Where do I currently live?,1.0,1.0,0.0,0.4104,254,43,"[""e621ba3712528a76"", ""ebfed18793a33060"", ""be675753ab9a7c3e"", ""7cc846af1dfe1c78"", ""568e8f2464c250c4""]","[""ebfed18793a33060"", ""be675753ab9a7c3e"", ""7cc846af1dfe1c78"", ""568e8f2464c250c4""]",65757184,0.1508
100,1,43,1,book,Which Python book was recommended?,0.0,0.0,0.0,0.3027,44,7,"[""e0f66b154f6ef63f""]","[""e0f66b154f6ef63f""]",66473984,0.2403
100,1,43,1,food,What food should I avoid now?,1.0,1.0,0.0,0.1317,57,10,"[""5348b4c429aa3815""]",[],66473984,0.2403
100,1,43,1,sport,Which sports do I enjoy?,0.0,0.0,0.0,0.1057,57,10,"[""5348b4c429aa3815""]",[],66473984,0.2403
100,1,43,1,city,Where do I currently live?,0.0,0.0,0.0,0.0821,57,10,"[""5348b4c429aa3815""]",[],66473984,0.2403
100,1,43,3,book,Which Python book was recommended?,1.0,1.0,0.0,0.1121,164,27,"[""5348b4c429aa3815"", ""e0f66b154f6ef63f"", ""4ae8e90b6d1c140e""]","[""e0f66b154f6ef63f"", ""4ae8e90b6d1c140e""]",66473984,0.2403
100,1,43,3,food,What food should I avoid now?,1.0,1.0,0.0,0.113,137,23,"[""5348b4c429aa3815"", ""1c1e858af94039ec"", ""bd197a74c26ec8d2""]","[""1c1e858af94039ec"", ""bd197a74c26ec8d2""]",66473984,0.2403
100,1,43,3,sport,Which sports do I enjoy?,0.0,0.0,0.0,0.1088,162,29,"[""5348b4c429aa3815"", ""bd197a74c26ec8d2"", ""9366c761083d3830""]","[""bd197a74c26ec8d2"", ""9366c761083d3830""]",66473984,0.2403
100,1,43,3,city,Where do I currently live?,1.0,1.0,0.0,0.1195,137,23,"[""5348b4c429aa3815"", ""bd197a74c26ec8d2"", ""1c1e858af94039ec""]","[""bd197a74c26ec8d2"", ""1c1e858af94039ec""]",66473984,0.2403
100,1,43,5,book,Which Python book was recommended?,1.0,1.0,0.0,0.1411,310,53,"[""5348b4c429aa3815"", ""e0f66b154f6ef63f"", ""4ae8e90b6d1c140e"", ""6ea18e5ca54d1fdc"", ""edac7755297fb6af""]","[""e0f66b154f6ef63f"", ""4ae8e90b6d1c140e"", ""6ea18e5ca54d1fdc"", ""edac7755297fb6af""]",66473984,0.2403
100,1,43,5,food,What food should I avoid now?,1.0,1.0,0.0,0.1384,211,37,"[""5348b4c429aa3815"", ""bd197a74c26ec8d2"", ""1c1e858af94039ec"", ""e0f66b154f6ef63f"", ""9cb5c109ca7cc4ef""]","[""bd197a74c26ec8d2"", ""1c1e858af94039ec"", ""e0f66b154f6ef63f"", ""9cb5c109ca7cc4ef""]",66473984,0.2403
100,1,43,5,sport,Which sports do I enjoy?,0.0,0.0,0.0,0.1365,265,49,"[""5348b4c429aa3815"", ""bd197a74c26ec8d2"", ""9366c761083d3830"", ""d05445a2dc8343c7"", ""9cb5c109ca7cc4ef""]","[""bd197a74c26ec8d2"", ""9366c761083d3830"", ""d05445a2dc8343c7"", ""9cb5c109ca7cc4ef""]",66473984,0.2403
100,1,43,5,city,Where do I currently live?,1.0,1.0,0.0,0.1325,254,43,"[""5348b4c429aa3815"", ""bd197a74c26ec8d2"", ""1c1e858af94039ec"", ""e0f66b154f6ef63f"", ""9366c761083d3830""]","[""bd197a74c26ec8d2"", ""1c1e858af94039ec"", ""e0f66b154f6ef63f"", ""9366c761083d3830""]",66473984,0.2403
100,2,44,1,book,Which Python book was recommended?,0.0,0.0,0.0,0.2202,44,7,"[""e3f1f1d66b95aeca""]","[""e3f1f1d66b95aeca""]",66850816,0.1307
100,2,44,1,food,What food should I avoid now?,1.0,1.0,0.0,0.1163,57,10,"[""f8734a93bbe20426""]",[],66850816,0.1307
100,2,44,1,sport,Which sports do I enjoy?,0.0,0.0,0.0,0.0891,57,10,"[""f8734a93bbe20426""]",[],66850816,0.1307
100,2,44,1,city,Where do I currently live?,0.0,0.0,0.0,0.0814,57,10,"[""f8734a93bbe20426""]",[],66850816,0.1307
100,2,44,3,book,Which Python book was recommended?,1.0,1.0,0.0,0.111,164,27,"[""f8734a93bbe20426"", ""e3f1f1d66b95aeca"", ""717327c09646dd16""]","[""e3f1f1d66b95aeca"", ""717327c09646dd16""]",66850816,0.1307
100,2,44,3,food,What food should I avoid now?,1.0,1.0,0.0,0.124,137,23,"[""f8734a93bbe20426"", ""42c0e324bf3ff75a"", ""833a673744b42d99""]","[""42c0e324bf3ff75a"", ""833a673744b42d99""]",66850816,0.1307
100,2,44,3,sport,Which sports do I enjoy?,0.0,0.0,0.0,0.1142,162,29,"[""f8734a93bbe20426"", ""833a673744b42d99"", ""033868c03bd9b08c""]","[""833a673744b42d99"", ""033868c03bd9b08c""]",66850816,0.1307
100,2,44,3,city,Where do I currently live?,1.0,1.0,0.0,0.1199,137,23,"[""f8734a93bbe20426"", ""833a673744b42d99"", ""42c0e324bf3ff75a""]","[""833a673744b42d99"", ""42c0e324bf3ff75a""]",66850816,0.1307
100,2,44,5,book,Which Python book was recommended?,1.0,1.0,0.0,0.1387,310,53,"[""f8734a93bbe20426"", ""e3f1f1d66b95aeca"", ""717327c09646dd16"", ""61ea578b064a9711"", ""af36204ccf95681c""]","[""e3f1f1d66b95aeca"", ""717327c09646dd16"", ""61ea578b064a9711"", ""af36204ccf95681c""]",66850816,0.1307
100,2,44,5,food,What food should I avoid now?,1.0,1.0,0.0,0.1415,211,37,"[""f8734a93bbe20426"", ""833a673744b42d99"", ""42c0e324bf3ff75a"", ""e3f1f1d66b95aeca"", ""908ab3ef0d1d698d""]","[""833a673744b42d99"", ""42c0e324bf3ff75a"", ""e3f1f1d66b95aeca"", ""908ab3ef0d1d698d""]",66850816,0.1307
100,2,44,5,sport,Which sports do I enjoy?,0.0,0.0,0.0,0.2429,265,49,"[""f8734a93bbe20426"", ""833a673744b42d99"", ""033868c03bd9b08c"", ""ddc6aa93334c402d"", ""908ab3ef0d1d698d""]","[""833a673744b42d99"", ""033868c03bd9b08c"", ""ddc6aa93334c402d"", ""908ab3ef0d1d698d""]",66850816,0.1307
100,2,44,5,city,Where do I currently live?,1.0,1.0,0.0,0.14,254,43,"[""f8734a93bbe20426"", ""833a673744b42d99"", ""42c0e324bf3ff75a"", ""e3f1f1d66b95aeca"", ""033868c03bd9b08c""]","[""833a673744b42d99"", ""42c0e324bf3ff75a"", ""e3f1f1d66b95aeca"", ""033868c03bd9b08c""]",66850816,0.1307
500,0,42,1,book,Which Python book was recommended?,0.0,0.0,0.0,0.2809,73,13,"[""94c2d7e8e31688c4""]","[""94c2d7e8e31688c4""]",70299648,0.3852
500,0,42,1,food,What food should I avoid now?,1.0,1.0,0.0,0.1614,57,10,"[""7860f88b22af4d4b""]",[],70299648,0.3852
500,0,42,1,sport,Which sports do I enjoy?,0.0,0.0,0.0,0.1274,57,10,"[""7860f88b22af4d4b""]",[],70299648,0.3852
500,0,42,1,city,Where do I currently live?,0.0,0.0,0.0,0.1109,57,10,"[""7860f88b22af4d4b""]",[],70299648,0.3852
500,0,42,3,book,Which Python book was recommended?,1.0,1.0,0.0,0.1353,180,30,"[""821851b9addfede4"", ""b88d0c84f8382be5"", ""94c2d7e8e31688c4""]","[""821851b9addfede4"", ""b88d0c84f8382be5"", ""94c2d7e8e31688c4""]",70299648,0.3852
500,0,42,3,food,What food should I avoid now?,1.0,1.0,0.0,0.1497,137,23,"[""7860f88b22af4d4b"", ""8f1bd132e6d0980f"", ""98525e2d0f7e0634""]","[""8f1bd132e6d0980f"", ""98525e2d0f7e0634""]",70299648,0.3852
500,0,42,3,sport,Which sports do I enjoy?,0.0,0.0,0.0,0.1374,162,29,"[""7860f88b22af4d4b"", ""98525e2d0f7e0634"", ""09350800789ce25d""]","[""98525e2d0f7e0634"", ""09350800789ce25d""]",70299648,0.3852
500,0,42,3,city,Where do I currently live?,1.0,1.0,0.0,0.1331,137,23,"[""7860f88b22af4d4b"", ""98525e2d0f7e0634"", ""8f1bd132e6d0980f""]","[""98525e2d0f7e0634"", ""8f1bd132e6d0980f""]",70299648,0.3852
500,0,42,5,book,Which Python book was recommended?,1.0,1.0,0.0,0.1579,326,56,"[""821851b9addfede4"", ""b88d0c84f8382be5"", ""94c2d7e8e31688c4"", ""82a14c79489846b4"", ""65a233b1021a9575""]","[""821851b9addfede4"", ""b88d0c84f8382be5"", ""94c2d7e8e31688c4"", ""82a14c79489846b4"", ""65a233b1021a9575""]",70299648,0.3852
500,0,42,5,food,What food should I avoid now?,1.0,1.0,0.0,0.1651,211,37,"[""7860f88b22af4d4b"", ""98525e2d0f7e0634"", ""8f1bd132e6d0980f"", ""821851b9addfede4"", ""f7e06c89a4bf8af3""]","[""98525e2d0f7e0634"", ""8f1bd132e6d0980f"", ""821851b9addfede4"", ""f7e06c89a4bf8af3""]",70299648,0.3852
500,0,42,5,sport,Which sports do I enjoy?,0.0,0.0,0.0,0.1618,307,55,"[""7860f88b22af4d4b"", ""98525e2d0f7e0634"", ""94c2d7e8e31688c4"", ""09350800789ce25d"", ""fa792c5c80a58e09""]","[""98525e2d0f7e0634"", ""94c2d7e8e31688c4"", ""09350800789ce25d"", ""fa792c5c80a58e09""]",70299648,0.3852
500,0,42,5,city,Where do I currently live?,1.0,1.0,0.0,0.1568,254,43,"[""7860f88b22af4d4b"", ""98525e2d0f7e0634"", ""8f1bd132e6d0980f"", ""821851b9addfede4"", ""09350800789ce25d""]","[""98525e2d0f7e0634"", ""8f1bd132e6d0980f"", ""821851b9addfede4"", ""09350800789ce25d""]",70299648,0.3852
500,1,43,1,book,Which Python book was recommended?,0.0,0.0,0.0,0.2965,73,13,"[""8105417ec1aad184""]","[""8105417ec1aad184""]",71376896,0.509
500,1,43,1,food,What food should I avoid now?,1.0,1.0,0.0,0.1512,57,10,"[""f95f46eda4d6dec2""]",[],71376896,0.509
500,1,43,1,sport,Which sports do I enjoy?,0.0,0.0,0.0,0.1283,57,10,"[""f95f46eda4d6dec2""]",[],71376896,0.509
500,1,43,1,city,Where do I currently live?,0.0,0.0,0.0,0.1074,57,10,"[""f95f46eda4d6dec2""]",[],71376896,0.509
500,1,43,3,book,Which Python book was recommended?,1.0,1.0,0.0,0.1512,180,30,"[""c74045d5a0a71189"", ""174a2cd8b2cc5963"", ""8105417ec1aad184""]","[""c74045d5a0a71189"", ""174a2cd8b2cc5963"", ""8105417ec1aad184""]",71376896,0.509
500,1,43,3,food,What food should I avoid now?,1.0,1.0,0.0,0.1441,137,23,"[""f95f46eda4d6dec2"", ""d038a5af4283de57"", ""b08adc53be8c9098""]","[""d038a5af4283de57"", ""b08adc53be8c9098""]",71376896,0.509
500,1,43,3,sport,Which sports do I enjoy?,0.0,0.0,0.0,0.1302,162,29,"[""f95f46eda4d6dec2"", ""b08adc53be8c9098"", ""2e05bf85a93b8fb7""]","[""b08adc53be8c9098"", ""2e05bf85a93b8fb7""]",71376896,0.509
500,1,43,3,city,Where do I currently live?,1.0,1.0,0.0,0.1264,137,23,"[""f95f46eda4d6dec2"", ""b08adc53be8c9098"", ""d038a5af4283de57""]","[""b08adc53be8c9098"", ""d038a5af4283de57""]",71376896,0.509
500,1,43,5,book,Which Python book was recommended?,1.0,1.0,0.0,0.1553,326,56,"[""c74045d5a0a71189"", ""174a2cd8b2cc5963"", ""8105417ec1aad184"", ""8f6ae029d96c3f45"", ""6db0139e5e39d309""]","[""c74045d5a0a71189"", ""174a2cd8b2cc5963"", ""8105417ec1aad184"", ""8f6ae029d96c3f45"", ""6db0139e5e39d309""]",71376896,0.509
500,1,43,5,food,What food should I avoid now?,1.0,1.0,0.0,0.1602,211,37,"[""f95f46eda4d6dec2"", ""b08adc53be8c9098"", ""d038a5af4283de57"", ""c74045d5a0a71189"", ""17f289fe2e390339""]","[""b08adc53be8c9098"", ""d038a5af4283de57"", ""c74045d5a0a71189"", ""17f289fe2e390339""]",71376896,0.509
500,1,43,5,sport,Which sports do I enjoy?,0.0,0.0,0.0,0.1554,307,55,"[""f95f46eda4d6dec2"", ""b08adc53be8c9098"", ""8105417ec1aad184"", ""2e05bf85a93b8fb7"", ""6f9dba97c5322578""]","[""b08adc53be8c9098"", ""8105417ec1aad184"", ""2e05bf85a93b8fb7"", ""6f9dba97c5322578""]",71376896,0.509
500,1,43,5,city,Where do I currently live?,1.0,1.0,0.0,0.1515,254,43,"[""f95f46eda4d6dec2"", ""b08adc53be8c9098"", ""d038a5af4283de57"", ""c74045d5a0a71189"", ""2e05bf85a93b8fb7""]","[""b08adc53be8c9098"", ""d038a5af4283de57"", ""c74045d5a0a71189"", ""2e05bf85a93b8fb7""]",71376896,0.509
500,2,44,1,book,Which Python book was recommended?,0.0,0.0,0.0,0.3674,73,13,"[""695fabaa87413455""]","[""695fabaa87413455""]",72482816,0.4582
500,2,44,1,food,What food should I avoid now?,1.0,1.0,0.0,0.1839,57,10,"[""7fe687b06c0f70b8""]",[],72482816,0.4582
500,2,44,1,sport,Which sports do I enjoy?,0.0,0.0,0.0,0.1401,57,10,"[""7fe687b06c0f70b8""]",[],72482816,0.4582
500,2,44,1,city,Where do I currently live?,0.0,0.0,0.0,0.1348,57,10,"[""7fe687b06c0f70b8""]",[],72482816,0.4582
500,2,44,3,book,Which Python book was recommended?,1.0,1.0,0.0,0.1558,180,30,"[""a3b47260d0dd8768"", ""5429b0fd4d25cf7b"", ""695fabaa87413455""]","[""a3b47260d0dd8768"", ""5429b0fd4d25cf7b"", ""695fabaa87413455""]",72482816,0.4582
500,2,44,3,food,What food should I avoid now?,1.0,1.0,0.0,0.161,137,23,"[""7fe687b06c0f70b8"", ""0286085d2eead502"", ""0f6beacb88b49bbb""]","[""0286085d2eead502"", ""0f6beacb88b49bbb""]",72482816,0.4582
500,2,44,3,sport,Which sports do I enjoy?,0.0,0.0,0.0,0.1795,162,29,"[""7fe687b06c0f70b8"", ""0f6beacb88b49bbb"", ""be25a3f52a6ab792""]","[""0f6beacb88b49bbb"", ""be25a3f52a6ab792""]",72482816,0.4582
500,2,44,3,city,Where do I currently live?,1.0,1.0,0.0,0.1545,137,23,"[""7fe687b06c0f70b8"", ""0f6beacb88b49bbb"", ""0286085d2eead502""]","[""0f6beacb88b49bbb"", ""0286085d2eead502""]",72482816,0.4582
500,2,44,5,book,Which Python book was recommended?,1.0,1.0,0.0,0.1794,326,56,"[""a3b47260d0dd8768"", ""5429b0fd4d25cf7b"", ""695fabaa87413455"", ""abed70c1b48ea127"", ""caadf77170e89cd7""]","[""a3b47260d0dd8768"", ""5429b0fd4d25cf7b"", ""695fabaa87413455"", ""abed70c1b48ea127"", ""caadf77170e89cd7""]",72482816,0.4582
500,2,44,5,food,What food should I avoid now?,1.0,1.0,0.0,0.1916,211,37,"[""7fe687b06c0f70b8"", ""0f6beacb88b49bbb"", ""0286085d2eead502"", ""a3b47260d0dd8768"", ""d87f2a45e2b8f8e0""]","[""0f6beacb88b49bbb"", ""0286085d2eead502"", ""a3b47260d0dd8768"", ""d87f2a45e2b8f8e0""]",72515584,0.4582
500,2,44,5,sport,Which sports do I enjoy?,0.0,0.0,0.0,0.1914,307,55,"[""7fe687b06c0f70b8"", ""0f6beacb88b49bbb"", ""695fabaa87413455"", ""be25a3f52a6ab792"", ""1d66cd0de5ac4985""]","[""0f6beacb88b49bbb"", ""695fabaa87413455"", ""be25a3f52a6ab792"", ""1d66cd0de5ac4985""]",72515584,0.4582
500,2,44,5,city,Where do I currently live?,1.0,1.0,0.0,0.1843,254,43,"[""7fe687b06c0f70b8"", ""0f6beacb88b49bbb"", ""0286085d2eead502"", ""a3b47260d0dd8768"", ""be25a3f52a6ab792""]","[""0f6beacb88b49bbb"", ""0286085d2eead502"", ""a3b47260d0dd8768"", ""be25a3f52a6ab792""]",72515584,0.4582
1000,0,42,1,book,Which Python book was recommended?,0.0,0.0,0.0,0.403,73,13,"[""d2bd47dc7096c36a""]","[""d2bd47dc7096c36a""]",76615680,0.7815
1000,0,42,1,food,What food should I avoid now?,1.0,1.0,0.0,0.2625,57,10,"[""200820859ca042d1""]",[],76656640,0.7815
1000,0,42,1,sport,Which sports do I enjoy?,0.0,0.0,0.0,0.1822,57,10,"[""200820859ca042d1""]",[],76664832,0.7815
1000,0,42,1,city,Where do I currently live?,0.0,0.0,0.0,0.152,57,10,"[""200820859ca042d1""]",[],76673024,0.7815
1000,0,42,3,book,Which Python book was recommended?,1.0,1.0,0.0,0.1999,209,36,"[""25dc479ff13c3eed"", ""d2bd47dc7096c36a"", ""ddda6ebd6aa835c9""]","[""25dc479ff13c3eed"", ""d2bd47dc7096c36a"", ""ddda6ebd6aa835c9""]",76673024,0.7815
1000,0,42,3,food,What food should I avoid now?,1.0,1.0,0.0,0.2577,137,23,"[""200820859ca042d1"", ""f8bf9f5c7eae330d"", ""34acd6b52fbd50b2""]","[""f8bf9f5c7eae330d"", ""34acd6b52fbd50b2""]",76673024,0.7815
1000,0,42,3,sport,Which sports do I enjoy?,0.0,0.0,0.0,0.1949,162,29,"[""200820859ca042d1"", ""34acd6b52fbd50b2"", ""164ade1b4e94759a""]","[""34acd6b52fbd50b2"", ""164ade1b4e94759a""]",76673024,0.7815
1000,0,42,3,city,Where do I currently live?,1.0,1.0,0.0,0.1828,137,23,"[""200820859ca042d1"", ""34acd6b52fbd50b2"", ""f8bf9f5c7eae330d""]","[""34acd6b52fbd50b2"", ""f8bf9f5c7eae330d""]",76673024,0.7815
1000,0,42,5,book,Which Python book was recommended?,1.0,1.0,0.0,0.2081,325,56,"[""25dc479ff13c3eed"", ""a090ad236d7802f7"", ""d2bd47dc7096c36a"", ""ddda6ebd6aa835c9"", ""e92f8b2f2f4247dc""]","[""25dc479ff13c3eed"", ""a090ad236d7802f7"", ""d2bd47dc7096c36a"", ""ddda6ebd6aa835c9"", ""e92f8b2f2f4247dc""]",76673024,0.7815
1000,0,42,5,food,What food should I avoid now?,1.0,1.0,0.0,0.2046,211,37,"[""200820859ca042d1"", ""34acd6b52fbd50b2"", ""f8bf9f5c7eae330d"", ""a090ad236d7802f7"", ""edd451e10ff89a62""]","[""34acd6b52fbd50b2"", ""f8bf9f5c7eae330d"", ""a090ad236d7802f7"", ""edd451e10ff89a62""]",76673024,0.7815
1000,0,42,5,sport,Which sports do I enjoy?,0.0,0.0,0.0,0.2194,308,55,"[""200820859ca042d1"", ""34acd6b52fbd50b2"", ""d2bd47dc7096c36a"", ""164ade1b4e94759a"", ""d3ba61e09fb2b9bc""]","[""34acd6b52fbd50b2"", ""d2bd47dc7096c36a"", ""164ade1b4e94759a"", ""d3ba61e09fb2b9bc""]",76681216,0.7815
1000,0,42,5,city,Where do I currently live?,1.0,1.0,0.0,0.2119,254,43,"[""200820859ca042d1"", ""34acd6b52fbd50b2"", ""f8bf9f5c7eae330d"", ""a090ad236d7802f7"", ""262fdd90d328946f""]","[""34acd6b52fbd50b2"", ""f8bf9f5c7eae330d"", ""a090ad236d7802f7"", ""262fdd90d328946f""]",76681216,0.7815
1000,1,43,1,book,Which Python book was recommended?,0.0,0.0,0.0,0.3591,73,13,"[""b060cc5b9819ee82""]","[""b060cc5b9819ee82""]",79822848,0.7736
1000,1,43,1,food,What food should I avoid now?,1.0,1.0,0.0,0.2307,57,10,"[""6c947461e4bb7826""]",[],79822848,0.7736
1000,1,43,1,sport,Which sports do I enjoy?,0.0,0.0,0.0,0.174,57,10,"[""6c947461e4bb7826""]",[],79822848,0.7736
1000,1,43,1,city,Where do I currently live?,0.0,0.0,0.0,0.148,57,10,"[""6c947461e4bb7826""]",[],79822848,0.7736
1000,1,43,3,book,Which Python book was recommended?,1.0,1.0,0.0,0.1744,209,36,"[""0fd0dcedd60427d0"", ""b060cc5b9819ee82"", ""039ce2b8cc2cc038""]","[""0fd0dcedd60427d0"", ""b060cc5b9819ee82"", ""039ce2b8cc2cc038""]",79822848,0.7736
1000,1,43,3,food,What food should I avoid now?,1.0,1.0,0.0,0.1706,137,23,"[""6c947461e4bb7826"", ""fae61e28e7d1d153"", ""f4387804f146a112""]","[""fae61e28e7d1d153"", ""f4387804f146a112""]",79822848,0.7736
1000,1,43,3,sport,Which sports do I enjoy?,0.0,0.0,0.0,0.1673,162,29,"[""6c947461e4bb7826"", ""f4387804f146a112"", ""f66a4eabf9e3ac15""]","[""f4387804f146a112"", ""f66a4eabf9e3ac15""]",79822848,0.7736
1000,1,43,3,city,Where do I currently live?,1.0,1.0,0.0,0.1794,137,23,"[""6c947461e4bb7826"", ""f4387804f146a112"", ""fae61e28e7d1d153""]","[""f4387804f146a112"", ""fae61e28e7d1d153""]",79822848,0.7736
1000,1,43,5,book,Which Python book was recommended?,1.0,1.0,0.0,0.2102,325,56,"[""0fd0dcedd60427d0"", ""117e71919d9333c9"", ""b060cc5b9819ee82"", ""039ce2b8cc2cc038"", ""2fbc18e1a675e933""]","[""0fd0dcedd60427d0"", ""117e71919d9333c9"", ""b060cc5b9819ee82"", ""039ce2b8cc2cc038"", ""2fbc18e1a675e933""]",79822848,0.7736
1000,1,43,5,food,What food should I avoid now?,1.0,1.0,0.0,0.2054,211,37,"[""6c947461e4bb7826"", ""f4387804f146a112"", ""fae61e28e7d1d153"", ""117e71919d9333c9"", ""340020b756092d52""]","[""f4387804f146a112"", ""fae61e28e7d1d153"", ""117e71919d9333c9"", ""340020b756092d52""]",79822848,0.7736
1000,1,43,5,sport,Which sports do I enjoy?,0.0,0.0,0.0,0.2009,308,55,"[""6c947461e4bb7826"", ""f4387804f146a112"", ""b060cc5b9819ee82"", ""f66a4eabf9e3ac15"", ""329a688b72e9f348""]","[""f4387804f146a112"", ""b060cc5b9819ee82"", ""f66a4eabf9e3ac15"", ""329a688b72e9f348""]",79822848,0.7736
1000,1,43,5,city,Where do I currently live?,1.0,1.0,0.0,0.1965,254,43,"[""6c947461e4bb7826"", ""f4387804f146a112"", ""fae61e28e7d1d153"", ""117e71919d9333c9"", ""81b47da7280264be""]","[""f4387804f146a112"", ""fae61e28e7d1d153"", ""117e71919d9333c9"", ""81b47da7280264be""]",79822848,0.7736
1000,2,44,1,book,Which Python book was recommended?,0.0,0.0,0.0,0.3516,73,13,"[""1116ebbc97d6e95e""]","[""1116ebbc97d6e95e""]",81641472,0.8657
1000,2,44,1,food,What food should I avoid now?,1.0,1.0,0.0,0.225,57,10,"[""98ced8b18cad42c9""]",[],81645568,0.8657
1000,2,44,1,sport,Which sports do I enjoy?,0.0,0.0,0.0,0.1762,57,10,"[""98ced8b18cad42c9""]",[],81645568,0.8657
1000,2,44,1,city,Where do I currently live?,0.0,0.0,0.0,0.1578,57,10,"[""98ced8b18cad42c9""]",[],81645568,0.8657
1000,2,44,3,book,Which Python book was recommended?,1.0,1.0,0.0,0.1826,209,36,"[""25ab900547e533c6"", ""1116ebbc97d6e95e"", ""67d5762615d99b5f""]","[""25ab900547e533c6"", ""1116ebbc97d6e95e"", ""67d5762615d99b5f""]",81645568,0.8657
1000,2,44,3,food,What food should I avoid now?,1.0,1.0,0.0,0.1817,137,23,"[""98ced8b18cad42c9"", ""4cf155890f161f60"", ""9976a50bdf39978f""]","[""4cf155890f161f60"", ""9976a50bdf39978f""]",81645568,0.8657
1000,2,44,3,sport,Which sports do I enjoy?,0.0,0.0,0.0,0.3237,162,29,"[""98ced8b18cad42c9"", ""9976a50bdf39978f"", ""0d26c79674a28979""]","[""9976a50bdf39978f"", ""0d26c79674a28979""]",81645568,0.8657
1000,2,44,3,city,Where do I currently live?,1.0,1.0,0.0,0.2201,137,23,"[""98ced8b18cad42c9"", ""9976a50bdf39978f"", ""4cf155890f161f60""]","[""9976a50bdf39978f"", ""4cf155890f161f60""]",81645568,0.8657
1000,2,44,5,book,Which Python book was recommended?,1.0,1.0,0.0,0.2289,325,56,"[""25ab900547e533c6"", ""1f785d8163258f74"", ""1116ebbc97d6e95e"", ""67d5762615d99b5f"", ""7536c60a498f2671""]","[""25ab900547e533c6"", ""1f785d8163258f74"", ""1116ebbc97d6e95e"", ""67d5762615d99b5f"", ""7536c60a498f2671""]",81645568,0.8657
1000,2,44,5,food,What food should I avoid now?,1.0,1.0,0.0,0.2343,211,37,"[""98ced8b18cad42c9"", ""9976a50bdf39978f"", ""4cf155890f161f60"", ""1f785d8163258f74"", ""785a3df9b62a7558""]","[""9976a50bdf39978f"", ""4cf155890f161f60"", ""1f785d8163258f74"", ""785a3df9b62a7558""]",81645568,0.8657
1000,2,44,5,sport,Which sports do I enjoy?,0.0,0.0,0.0,0.319,308,55,"[""98ced8b18cad42c9"", ""9976a50bdf39978f"", ""1116ebbc97d6e95e"", ""0d26c79674a28979"", ""ac569f4be54539a2""]","[""9976a50bdf39978f"", ""1116ebbc97d6e95e"", ""0d26c79674a28979"", ""ac569f4be54539a2""]",81645568,0.8657
1000,2,44,5,city,Where do I currently live?,1.0,1.0,0.0,0.2314,254,43,"[""98ced8b18cad42c9"", ""9976a50bdf39978f"", ""4cf155890f161f60"", ""1f785d8163258f74"", ""cb44ee58a9ae5d17""]","[""9976a50bdf39978f"", ""4cf155890f161f60"", ""1f785d8163258f74"", ""cb44ee58a9ae5d17""]",81645568,0.8657
2000,0,42,1,book,Which Python book was recommended?,0.0,0.0,0.0,0.569,73,13,"[""37f6dc83b4be9507""]","[""37f6dc83b4be9507""]",89579520,1.6488
2000,0,42,1,food,What food should I avoid now?,1.0,1.0,0.0,0.5144,57,10,"[""47612bf3bd203f6d""]",[],89632768,1.6488
2000,0,42,1,sport,Which sports do I enjoy?,0.0,0.0,0.0,0.3801,57,10,"[""47612bf3bd203f6d""]",[],89632768,1.6488
2000,0,42,1,city,Where do I currently live?,0.0,0.0,0.0,0.362,57,10,"[""47612bf3bd203f6d""]",[],89632768,1.6488
2000,0,42,3,book,Which Python book was recommended?,0.0,0.0,0.0,0.3382,219,39,"[""37f6dc83b4be9507"", ""16b10026f5faf281"", ""6dda43ed7c86ef42""]","[""37f6dc83b4be9507"", ""16b10026f5faf281"", ""6dda43ed7c86ef42""]",89632768,1.6488
2000,0,42,3,food,What food should I avoid now?,1.0,1.0,0.0,0.3952,137,23,"[""47612bf3bd203f6d"", ""8d172e33012cdee9"", ""7d44d2ff905970e9""]","[""8d172e33012cdee9"", ""7d44d2ff905970e9""]",89632768,1.6488
2000,0,42,3,sport,Which sports do I enjoy?,0.0,0.0,0.0,0.3284,162,29,"[""47612bf3bd203f6d"", ""7d44d2ff905970e9"", ""7fa487fc8f2130d4""]","[""7d44d2ff905970e9"", ""7fa487fc8f2130d4""]",89632768,1.6488
2000,0,42,3,city,Where do I currently live?,1.0,1.0,0.0,0.284,137,23,"[""47612bf3bd203f6d"", ""7d44d2ff905970e9"", ""8d172e33012cdee9""]","[""7d44d2ff905970e9"", ""8d172e33012cdee9""]",89632768,1.6488
2000,0,42,5,book,Which Python book was recommended?,0.0,0.0,0.0,0.2967,365,65,"[""37f6dc83b4be9507"", ""16b10026f5faf281"", ""6dda43ed7c86ef42"", ""564f9e7dd0d36fa1"", ""186b90d93c33260c""]","[""37f6dc83b4be9507"", ""16b10026f5faf281"", ""6dda43ed7c86ef42"", ""564f9e7dd0d36fa1"", ""186b90d93c33260c""]",89632768,1.6488
2000,0,42,5,food,What food should I avoid now?,1.0,1.0,0.0,0.2911,211,37,"[""47612bf3bd203f6d"", ""7d44d2ff905970e9"", ""8d172e33012cdee9"", ""37c694e4556cf788"", ""48f0e7e39de64f57""]","[""7d44d2ff905970e9"", ""8d172e33012cdee9"", ""37c694e4556cf788"", ""48f0e7e39de64f57""]",89632768,1.6488
2000,0,42,5,sport,Which sports do I enjoy?,0.0,0.0,0.0,0.385,308,55,"[""47612bf3bd203f6d"", ""7d44d2ff905970e9"", ""37f6dc83b4be9507"", ""7fa487fc8f2130d4"", ""d7fb4b1b5849f63c""]","[""7d44d2ff905970e9"", ""37f6dc83b4be9507"", ""7fa487fc8f2130d4"", ""d7fb4b1b5849f63c""]",89632768,1.6488
2000,0,42,5,city,Where do I currently live?,1.0,1.0,0.0,0.4124,254,43,"[""47612bf3bd203f6d"", ""7d44d2ff905970e9"", ""8d172e33012cdee9"", ""37c694e4556cf788"", ""06ac7e110f92562c""]","[""7d44d2ff905970e9"", ""8d172e33012cdee9"", ""37c694e4556cf788"", ""06ac7e110f92562c""]",89661440,1.6488
2000,1,43,1,book,Which Python book was recommended?,0.0,0.0,0.0,0.4669,73,13,"[""545a3ffd4d054ce8""]","[""545a3ffd4d054ce8""]",94040064,1.7115
2000,1,43,1,food,What food should I avoid now?,1.0,1.0,0.0,0.4547,57,10,"[""3bc4c4b59b1bf62b""]",[],94040064,1.7115
2000,1,43,1,sport,Which sports do I enjoy?,0.0,0.0,0.0,0.3674,57,10,"[""3bc4c4b59b1bf62b""]",[],94040064,1.7115
2000,1,43,1,city,Where do I currently live?,0.0,0.0,0.0,0.3121,57,10,"[""3bc4c4b59b1bf62b""]",[],94040064,1.7115
2000,1,43,3,book,Which Python book was recommended?,0.0,0.0,0.0,0.3862,219,39,"[""545a3ffd4d054ce8"", ""0490653a0f823cee"", ""fe8be5e9ab378a72""]","[""545a3ffd4d054ce8"", ""0490653a0f823cee"", ""fe8be5e9ab378a72""]",94040064,1.7115
2000,1,43,3,food,What food should I avoid now?,1.0,1.0,0.0,0.2998,137,23,"[""3bc4c4b59b1bf62b"", ""c2a98f4a6fb0489c"", ""8f1d69c8eac9bb7f""]","[""c2a98f4a6fb0489c"", ""8f1d69c8eac9bb7f""]",94040064,1.7115
2000,1,43,3,sport,Which sports do I enjoy?,0.0,0.0,0.0,0.2728,162,29,"[""3bc4c4b59b1bf62b"", ""8f1d69c8eac9bb7f"", ""ac5359f0bf8fc774""]","[""8f1d69c8eac9bb7f"", ""ac5359f0bf8fc774""]",94040064,1.7115
2000,1,43,3,city,Where do I currently live?,1.0,1.0,0.0,0.3252,137,23,"[""3bc4c4b59b1bf62b"", ""8f1d69c8eac9bb7f"", ""c2a98f4a6fb0489c""]","[""8f1d69c8eac9bb7f"", ""c2a98f4a6fb0489c""]",94040064,1.7115
2000,1,43,5,book,Which Python book was recommended?,0.0,0.0,0.0,0.2935,365,65,"[""545a3ffd4d054ce8"", ""0490653a0f823cee"", ""fe8be5e9ab378a72"", ""3b92153696925af3"", ""38ceb257d68614c4""]","[""545a3ffd4d054ce8"", ""0490653a0f823cee"", ""fe8be5e9ab378a72"", ""3b92153696925af3"", ""38ceb257d68614c4""]",94040064,1.7115
2000,1,43,5,food,What food should I avoid now?,1.0,1.0,0.0,0.2723,211,37,"[""3bc4c4b59b1bf62b"", ""8f1d69c8eac9bb7f"", ""c2a98f4a6fb0489c"", ""2a8307b10ebaf5bf"", ""36d8f08f36cc807f""]","[""8f1d69c8eac9bb7f"", ""c2a98f4a6fb0489c"", ""2a8307b10ebaf5bf"", ""36d8f08f36cc807f""]",94040064,1.7115
2000,1,43,5,sport,Which sports do I enjoy?,0.0,0.0,0.0,0.2745,308,55,"[""3bc4c4b59b1bf62b"", ""8f1d69c8eac9bb7f"", ""545a3ffd4d054ce8"", ""ac5359f0bf8fc774"", ""bf03483e0d701500""]","[""8f1d69c8eac9bb7f"", ""545a3ffd4d054ce8"", ""ac5359f0bf8fc774"", ""bf03483e0d701500""]",94040064,1.7115
2000,1,43,5,city,Where do I currently live?,1.0,1.0,0.0,0.2567,254,43,"[""3bc4c4b59b1bf62b"", ""8f1d69c8eac9bb7f"", ""c2a98f4a6fb0489c"", ""2a8307b10ebaf5bf"", ""c1ac35c766e952bf""]","[""8f1d69c8eac9bb7f"", ""c2a98f4a6fb0489c"", ""2a8307b10ebaf5bf"", ""c1ac35c766e952bf""]",94040064,1.7115
2000,2,44,1,book,Which Python book was recommended?,0.0,0.0,0.0,0.4269,73,13,"[""d2082d06bba5d5f7""]","[""d2082d06bba5d5f7""]",96649216,1.4529
2000,2,44,1,food,What food should I avoid now?,1.0,1.0,0.0,0.3051,57,10,"[""b918146ac1ac3aa2""]",[],96669696,1.4529
2000,2,44,1,sport,Which sports do I enjoy?,0.0,0.0,0.0,0.2273,57,10,"[""b918146ac1ac3aa2""]",[],96677888,1.4529
2000,2,44,1,city,Where do I currently live?,0.0,0.0,0.0,0.2075,57,10,"[""b918146ac1ac3aa2""]",[],96677888,1.4529
2000,2,44,3,book,Which Python book was recommended?,0.0,0.0,0.0,0.2489,219,39,"[""d2082d06bba5d5f7"", ""7af306ad6bf32fc5"", ""0038c4b4d529196e""]","[""d2082d06bba5d5f7"", ""7af306ad6bf32fc5"", ""0038c4b4d529196e""]",96677888,1.4529
2000,2,44,3,food,What food should I avoid now?,1.0,1.0,0.0,0.2482,137,23,"[""b918146ac1ac3aa2"", ""0435daa3516db8cc"", ""9151f8fefa72a576""]","[""0435daa3516db8cc"", ""9151f8fefa72a576""]",96690176,1.4529
2000,2,44,3,sport,Which sports do I enjoy?,0.0,0.0,0.0,0.249,162,29,"[""b918146ac1ac3aa2"", ""9151f8fefa72a576"", ""f1eec4e570a97d33""]","[""9151f8fefa72a576"", ""f1eec4e570a97d33""]",96690176,1.4529
2000,2,44,3,city,Where do I currently live?,1.0,1.0,0.0,0.25,137,23,"[""b918146ac1ac3aa2"", ""9151f8fefa72a576"", ""0435daa3516db8cc""]","[""9151f8fefa72a576"", ""0435daa3516db8cc""]",96690176,1.4529
2000,2,44,5,book,Which Python book was recommended?,0.0,0.0,0.0,0.2772,365,65,"[""d2082d06bba5d5f7"", ""7af306ad6bf32fc5"", ""0038c4b4d529196e"", ""dd53f80bb9af7eb3"", ""02ebc921612f34e2""]","[""d2082d06bba5d5f7"", ""7af306ad6bf32fc5"", ""0038c4b4d529196e"", ""dd53f80bb9af7eb3"", ""02ebc921612f34e2""]",96690176,1.4529
2000,2,44,5,food,What food should I avoid now?,1.0,1.0,0.0,0.2644,211,37,"[""b918146ac1ac3aa2"", ""9151f8fefa72a576"", ""0435daa3516db8cc"", ""da7ad6edfe92edc5"", ""ef55466c4a93fd1b""]","[""9151f8fefa72a576"", ""0435daa3516db8cc"", ""da7ad6edfe92edc5"", ""ef55466c4a93fd1b""]",96690176,1.4529
2000,2,44,5,sport,Which sports do I enjoy?,0.0,0.0,0.0,0.2618,308,55,"[""b918146ac1ac3aa2"", ""9151f8fefa72a576"", ""d2082d06bba5d5f7"", ""f1eec4e570a97d33"", ""98794028ff7f0dd6""]","[""9151f8fefa72a576"", ""d2082d06bba5d5f7"", ""f1eec4e570a97d33"", ""98794028ff7f0dd6""]",96690176,1.4529
2000,2,44,5,city,Where do I currently live?,1.0,1.0,0.0,0.2762,254,43,"[""b918146ac1ac3aa2"", ""9151f8fefa72a576"", ""0435daa3516db8cc"", ""da7ad6edfe92edc5"", ""e00e0d58e6ea9b14""]","[""9151f8fefa72a576"", ""0435daa3516db8cc"", ""da7ad6edfe92edc5"", ""e00e0d58e6ea9b14""]",96690176,1.4529
